{"cameraMode":{"drawMode":0,"name":"Shaded","section":"Shading Mode"},"sceneLighting":true,"audioPlay":false,"sceneViewState":{"m_AlwaysRefresh":false,"showFog":true,"showSkybox":true,"showFlares":true,"showImageEffects":true,"showParticleSystems":true,"showVisualEffectGraphs":true,"m_FxEnabled":true},"in2DMode":false,"pivot":{"x":1.9097996950149537,"y":1.8848892450332642,"z":56.423118591308597},"rotation":{"x":-0.06176556274294853,"y":-0.012879224494099617,"z":0.0007974409381859005,"w":-0.9980109930038452},"size":35.29645919799805,"orthographic":false}